path,working_copy_revision,last_changed_revision,last_changed_author,sha1_checksum,present_in_archive
README,230,144,moreno,3e94e7c32e0b6efdd0c4aaa662b257974a7b7ced,yes
build/modpn.files,230,52,panwei,681b5d1966abeef1d7b235c22d96b62d972e1cfe,yes
cumodp/benchmarks/Makefile,230,124,jyang425,bbc3a1fadf438af1beec3da73dd6874a852e153f,yes
cumodp/benchmarks/ToDo,230,216,moreno,4bab2c757b5e1974e3e8a53e6b002570d5c99400,yes
cumodp/benchmarks/data/fast_evaluation.dat,230,139,jyang425,bcdb23b31da84fb1ae1b99a07663e5dfa5b162bf,no
cumodp/benchmarks/data/fast_evaluation_step.dat,230,140,jyang425,7c4c85ad7b2a95262926d2f59fd0f7dbef5c781c,no
cumodp/benchmarks/data/fast_evaluation_step.eps,230,146,jyang425,f9c5d3f22480399b86d7ffb1f8e5150ffd8ef9ec,no
cumodp/benchmarks/data/fast_evaluation_step.plt,230,146,jyang425,9bba2de4b801cf4b89c30364182dd6c9eb238ad2,no
cumodp/benchmarks/data/fft_mul.dat,230,139,jyang425,d70c582a396a561cf940b7988f0023dd38cd95eb,no
cumodp/benchmarks/data/fft_mul.plt,230,146,jyang425,5c87fac9018cd2dfe9fca3b4997f66ff1d8f7018,no
cumodp/benchmarks/data/fft_with_opt.dat,230,145,jyang425,bd2e593ef8065380def79f8f2aa38d2d1b5b8a4f,no
cumodp/benchmarks/data/opt_plain_mul_tst.log,230,145,jyang425,831d8ad132c940d3de0963ee83e1ac716af671bc,no
cumodp/benchmarks/data/sub_product_tree_step.eps,230,146,jyang425,ba1effb710e87c9af2e30768d1c239ef15095dd1,no
cumodp/benchmarks/data/subproduct_tree.dat,230,139,jyang425,5bdced8170f4eda2af07750f915f2c80709039b1,no
cumodp/benchmarks/data/subproducttree_step.dat,230,139,jyang425,aec6ac7b5ee58a6ca215be242e1cf6a053a910b4,no
cumodp/benchmarks/data/subproducttree_step.plt,230,146,jyang425,ecfb65fadfae7e4ef7f97412894598d8904a3078,no
cumodp/benchmarks/fast_evaluation.sh,230,193,jyang425,cd3fc82bc5da494a2f595504fe6b69962a79ec98,yes
cumodp/benchmarks/fast_evaluation_step.sh,230,186,jyang425,581aede24d2a960048678200095a656458110fc3,yes
cumodp/benchmarks/optimized_mul.sh,230,134,jyang425,6cb5406c038afd60aaaf907502ac3b8c5d18d9c4,yes
cumodp/benchmarks/stockham_poly_mul.sh,230,140,jyang425,1e34cf8bb06d355eb222559f97f9a23bba988bdd,yes
cumodp/benchmarks/subproduct_tree_construction.sh,230,194,moreno,72ba6f716d772c17db461918cd7895e901d2ff92,yes
cumodp/benchmarks/subproduct_tree_step.sh,230,195,jyang425,1605892a97abc601cc099526f09af331568fc8a4,yes
cumodp/include/README,230,67,panwei,b76fbc6ceb5173ef805ab80e7d6f79db499cac62,no
cumodp/include/ct_fft.h,230,37,panwei,048e73ad45317b1f56f05a73ddd6139797a6706c,yes
cumodp/include/ct_fft_mont.h,230,37,panwei,020a108cc291343fe5952d07612c4279a8612634,yes
cumodp/include/cudautils.h,230,37,panwei,201613c2ad0098f26aa37b53df2a7f2a61f394b2,yes
cumodp/include/cumodp.h,230,37,panwei,ed1c87c7458f5b526331afcb6c541c9a5ea2f926,yes
cumodp/include/cumodp_simple.h,230,229,jyang425,949e63a27b75264ec8bc558be5870b3b166a7a7b,yes
cumodp/include/defines.h,230,37,panwei,0c77279006562f83cac9179c1b296f25dfb32d05,yes
cumodp/include/fast_evaluation.h,230,188,jyang425,d4a1763dfe873fa6618d634dae43f698d14e7f04,no
cumodp/include/fft_aux.h,230,37,panwei,db65e04375ff60bc71d3aad2db31bad3237407be,yes
cumodp/include/inlines.h,230,67,panwei,283f10da895db667dab32fd62fa7b22872a83f72,yes
cumodp/include/list_fast_division.h,230,159,jyang425,bab8c61bfb6fb24b1caacf81d1dd212c2523a3af,no
cumodp/include/list_fft_poly_mul.h,230,226,jyang425,c32aaac9b1597cc4ff13aa31f3dc177b3e75bc1b,yes
cumodp/include/list_inv_stockham.h,230,116,jyang425,ab65c2669c42c7cc0bcafeb3153d84bafe0504d3,no
cumodp/include/list_naive_poly_mul.h,230,100,jyang425,368b24b5b41d766daaadab947b9523accc5f1ca7,yes
cumodp/include/list_plain_division.h,230,136,jyang425,7de56f021e9e04dc9beb72c072d22f26edd82904,yes
cumodp/include/list_plain_mul.h,230,220,jyang425,816fb558f825d86f97bbd909f9ace9428b31349e,yes
cumodp/include/list_pointwise_mul.h,230,116,jyang425,54ffdb35b2230cade04e871217d92a3ef5793d24,no
cumodp/include/list_poly_rev.h,230,131,jyang425,43bb52ed6ef4941bad9470707f292b6474b8d541,no
cumodp/include/list_stockham.h,230,82,jyang425,da7d845495c5a257dbaa4659a400f4e2c176b040,yes
cumodp/include/montmulmod.h,230,67,panwei,de19afd84956b406e5490130752ea0f5218a6bfd,yes
cumodp/include/naive_poly_mul.h,230,93,jyang425,bccf0178a683f0489410fd77edb94c8850cbd640,yes
cumodp/include/opt_plain_mul.h,230,211,moreno,54797046e014cd722ba8d319dd79b0b05a1b483a,yes
cumodp/include/power_inversion.h,230,157,jyang425,0b9b63befbf38b0f8ee588582acd7e49637776e0,yes
cumodp/include/printing.h,230,37,panwei,6a9afb843e544360604b92c345425df7735f7a5d,yes
cumodp/include/rdr_poly.h,230,67,panwei,d2818d9c80f790dd4d9762ba02d4cdc8d063fbcd,yes
cumodp/include/scube.h,230,67,panwei,017780423c0cc915e76f98960c9d51f7b9da2e04,no
cumodp/include/stockham.h,230,37,panwei,7f0a0444ec1aa0bba28935f0f440cd12d8e24e01,yes
cumodp/include/stockham_mont.h,230,37,panwei,8c18730c2e64104f00c937a6521e65a5151592a2,no
cumodp/include/subproduct_tree.h,230,224,moreno,14f8efaa7fd8f679cd6ab03a754a5e340b0cc27a,yes
cumodp/include/subres.h,230,37,panwei,796218f8fbf434902ce535f3f8eb5b8d25a8f2a1,yes
cumodp/include/types.h,230,37,panwei,1360b218f9c6130260bfe15e5cc37af40e293364,yes
cumodp/include/unipoly.h,230,37,panwei,8b2ab8b6a1652375bf9165062f4bbc1f05ac7a81,yes
cumodp/src/Makefile,230,230,jyang425,9c5ab1eccdb417189c9101abe1958eb51df03f8f,yes
cumodp/src/README,230,102,moreno,f81a7f82d189f5a5b6ccc8126c60fe66f4fab077,yes
cumodp/src/ToDo,230,199,moreno,3d5d1307fa8659d0ab479f359d6f062538712de2,no
cumodp/src/benchmark.cu,230,37,panwei,ba7ad8c848c0e2ffd1c462496ad3ecf3a21b60a0,yes
cumodp/src/ct_fft_has_jump.cu,230,37,panwei,9a28ab607d46aad96f4b7aaa9069fb73b337afb0,yes
cumodp/src/ct_fft_mont.cu,230,37,panwei,464420049cd879274e62f28226f029b8ee3f09ac,yes
cumodp/src/fast_evaluation.cu,230,228,moreno,98d316324b5a334b082de52014bf9bd263d07818,yes
cumodp/src/fft_aux.cu,230,68,panwei,c9adb044cf1345c614e44220bb9fb70db7a13943,yes
cumodp/src/list_fast_division.cu,230,228,moreno,1408cba4e40655c9efb380f81bb80923be08af03,yes
cumodp/src/list_fft_poly_mul.cu,230,228,moreno,5fd37c128f4f8d90b51ed82da3000ab5f199b232,yes
cumodp/src/list_inv_stockham.cu,230,206,jyang425,14c015fe45214c0fc25d77b737e0f7adf3cea21c,yes
cumodp/src/list_naive_poly_mul.cu,230,228,moreno,b2d4afa0f36a3165fe34c2347d423ce6ae48e203,no
cumodp/src/list_plain_division.cu,230,138,jyang425,3484c35e94dc52026410804c99532bd5e680affd,yes
cumodp/src/list_plain_mul.cu,230,214,jyang425,57f5298b5e923fe9f95171da023abfa0940246cf,yes
cumodp/src/list_pointwise_mul.cu,230,206,jyang425,90f17fc22e0298a62bf2130ecf0101e8a9dabbb9,yes
cumodp/src/list_poly_rev.cu,230,178,jyang425,24dc5fa230b8c87d21fefdc1b9af0d8ff2bf8c80,yes
cumodp/src/list_stockham.cu,230,82,jyang425,206ea79a2599e365eb7ce882a6c42aa7c26b3749,yes
cumodp/src/main.c,230,88,jyang425,2faa1cf2187a78edaa83c4794c17b260cf856e09,yes
cumodp/src/modpn.cu,230,88,jyang425,7d1501178f92a85c10862e490b32503ab730e773,no
cumodp/src/naive_poly_mul.cu,230,170,jyang425,b20028b57ea21185589becc035dee8de1f650891,no
cumodp/src/opt_plain_mul.cu,230,133,jyang425,b95b83957bb6127fcb8e8f12ca0aa097a61286e9,no
cumodp/src/power_inversion.cu,230,228,moreno,35ec29ad5fb060fe019fb446c0412419b98dc8f2,no
cumodp/src/rdr_poly.cu,230,37,panwei,57c15678a4c6862049b9e576537d84f537d1bd10,no
cumodp/src/scube.cu,230,37,panwei,2da5d672e7ad636f9e3b7d3e07d149238db3250c,no
cumodp/src/stockham.cu,230,142,jyang425,4ef7f8b5f23e950b9abd3dc0f31e2d8e0768164d,no
cumodp/src/stockham_mont.cu,230,37,panwei,72a79902557fdcf97c956ffad1fe805ffcdb1f68,no
cumodp/src/subproduct_tree.cu,230,228,moreno,2ecbfd3482dec34abe34d0ad519ef6a635870d69,yes
cumodp/src/subres.cu,230,37,panwei,6c8c11952dc97598aeb0ee67f10fe6951b042b05,yes
cumodp/src/subres_p.cu,230,68,panwei,1344a172fe7652dcb467b332e53f635449390d4d,no
cumodp/tests/.test_script.template,230,131,jyang425,c051b8455aca730eeea1211abe0cc61812be9872,yes
cumodp/tests/BUGS,230,228,moreno,8064915d3288da5d7a47033111698a590ccef98f,no
cumodp/tests/CHANGELOG,230,158,jyang425,50f4bbb4d7ea8438d849703578e06ec8a0215c6d,yes
cumodp/tests/Makefile,230,82,jyang425,565070126d465d93dec88926b8271cc30b8f42fd,no
cumodp/tests/ToDo,230,194,moreno,da39a3ee5e6b4b0d3255bfef95601890afd80709,yes
cumodp/tests/bin/inputf.txt,230,211,moreno,5cbfcceca38ee466a914989048ead665e3d23674,no
cumodp/tests/bin/inputx.txt,230,218,jyang425,f6e31ca53f1ad3ff5da9344c959cf67b19080e0d,no
cumodp/tests/bugs/com_fail.mw,230,197,moreno,9d1ac72b610130caa2395e2190dca635d029a536,no
cumodp/tests/bugs/com_pass.mw,230,197,moreno,da39817bba30586a8ab0a428c2269ac3af66c34b,no
cumodp/tests/bugs/diff.txt,230,197,moreno,7885e4e520c3c8bbfe35b2297d8b789f1f8c199e,no
cumodp/tests/bugs/input_16.txt,230,197,moreno,f6e31ca53f1ad3ff5da9344c959cf67b19080e0d,no
cumodp/tests/bugs/inputx_13.txt,230,197,moreno,db1c49b0608076e98b28ac70361c0ca48c09a2e8,no
cumodp/tests/bugs/inputx_15.txt,230,197,moreno,222451f0626261238c88db0f367f085d9f3686fe,no
cumodp/tests/cumodp-create-test,230,87,jyang425,4b819fd7f3f867f972d78993e57f4750d26ded4d,yes
cumodp/tests/cumodp-create-test-README,230,193,jyang425,7231df3fc43bef2694aa95558d19d342088effd4,yes
cumodp/tests/cumodp-create-test.sh,230,130,jyang425,4a7aa48fdc5c731f9d0766fe4bf64c68ff09ec21,yes
cumodp/tests/device_query.sh,230,86,jyang425,6ce76cdce06b6debbb5533ba5dc80ad3629f8cdb,yes
cumodp/tests/fast_evaluation.sh,230,223,jyang425,c462d927049463900768ae8170ef876319d26c61,no
cumodp/tests/fast_evaluation_file.sh,230,223,jyang425,9f5a3e3f4bc9e1d118937556a76ebe9f23215767,yes
cumodp/tests/fast_rem.txt,230,97,jyang425,6fd30664ef37a98a1e79384c0a6f3b3bf4834b59,yes
cumodp/tests/list_expand_to_fft.sh,230,116,jyang425,40f4a4772eed5c42824b13c9ad17142ba00e8c4d,no
cumodp/tests/list_fast_division.sh,230,228,moreno,8a75d7dc44dba7f82db9af3b3ef29aa40870f162,yes
cumodp/tests/list_fft_poly_mul.sh,230,227,jyang425,b1de9bc25a7c99240470d15170395f034d6c7c5a,yes
cumodp/tests/list_inv_stockham.sh,230,116,jyang425,79618e23c879005f5f88d4e43faead9f134687e8,no
cumodp/tests/list_naive_poly_mul.sh,230,113,jyang425,9d16a26f57be9323709bd21d6d8ebfeff3bc6a99,yes
cumodp/tests/list_plain_division.sh,230,121,jyang425,7d4cf60890e574f300ea32754cc9c51ec7901882,no
cumodp/tests/list_pointwise_mul.sh,230,116,jyang425,977d39e81137fc4dac3a44cbca1faeaaa4cc62d8,yes
cumodp/tests/list_shrink_poly.sh,230,116,jyang425,d744c3ed74b0294dc1fa80b8dd2bec17474793cc,no
cumodp/tests/naive_poly_mul.sh,230,118,moreno,fd9d78bad1fa653557f3c77b4e9fb883d4bbfb37,yes
cumodp/tests/opt_plain_mul.sh,230,133,jyang425,019020c86a1a98cb619b1230b038c5ca8d2adbc3,yes
cumodp/tests/power_inversion.sh,230,159,jyang425,0affbd355b1bd6dc05b48468149f7a48aa86337c,yes
cumodp/tests/power_series_inversion.input,230,155,moreno,32418d0b4231cfbb1f1f5004091b5524aca42c6b,yes
cumodp/tests/subproduct_tree.sh,230,218,jyang425,8a0893302e81dfd6629b1596b916e3822773aa9b,yes
cumodp/tests/subproduct_tree_file.sh,230,197,moreno,c82eedfd39e2fdfe1f952139bb2fc8ea7b92faf6,no
cumodp/tests/uni_fft_tst.sh,230,141,jyang425,07b65294cdf132c30e0f13855ac71d9d35f67d24,no
cumodp/tst/fast_polymul_cumodp.tst,230,37,panwei,380096473c35a9e54a51ecc3b9f5e1d3e9c15ad8,yes
cumodp/tst/fast_resultant2_cumodp.mpl,230,37,panwei,c9fcc5cbcb9aa7a97a62e815126c6dc4aaf920f6,yes
cumodp/tst/fast_resultant2_cumodp.tst,230,37,panwei,382b1108bbf168567e5569410fe3b4dcd3d5bcd0,yes
cumodp/tst/fast_resultant3_cumodp.mpl,230,37,panwei,d566c62e88c3c26e14aca4792cd550fae5f0aa71,yes
cumodp/tst/fast_resultant3_cumodp.tst,230,37,panwei,0219a06bacbb6ba93886bb2597afa80d9fb2d55d,yes
cumodp/tst/fast_resultant_cumodp.mpl,230,37,panwei,5999b3fff1eb0581b86688a7557a732acf2e8bfa,yes
cumodp/tst/fast_resultant_cumodp.tst,230,37,panwei,9e3053440baf1cb3885a24de4d0243144e6696c6,yes
cumodp/tst/fast_solve2_a.mpl,230,37,panwei,0d1b913601f48f85d43849ccd42000eab8d10c65,yes
cumodp/tst/fast_solve2_a.tst,230,37,panwei,509399bc173a17d2da045d7dfe697891aa186411,yes
cumodp/tst/fast_solve2_b.mpl,230,37,panwei,f67e0efa05bc026059e393705809418a7487fc42,yes
cumodp/tst/fast_solve2_b.tst,230,37,panwei,3f0240f7ffd940806ca28b1a2ce2f2875fb719e7,yes
cumodp/tst/fast_solve2_c.mpl,230,37,panwei,5c8a4fb790d0b7e71d601c68aea763cf97ada699,yes
cumodp/tst/fast_solve2_c.tst,230,37,panwei,8e0bb5607916e4f45b433d5f2b70bf3c194db0c1,yes
euclideanCUDA/Optimize_plain_mul.cu,230,104,shaque4,1fa616f939997f0b7d254eb8ee7b1be7df2fa438,yes
euclideanCUDA/divCuda.cu,230,85,shaque4,899ef3a34d564a59e60e3a6fa83af0e12b4519c1,yes
euclideanCUDA/list_plain_div.cu,230,110,shaque4,5922ca6beb46291d5010763f6580efe0180de27d,yes
euclideanCUDA/list_plain_divFInal.cu,230,120,shaque4,504dc2b256c97ccfb8ce42fedb869763896b0122,yes
euclideanCUDA/list_plain_mul.cu,230,204,shaque4,aee6bc242c70d627347e971e2a685e46d7ff266a,yes
euclideanCUDA/mulCuda.cu,230,99,shaque4,0892eb20410e8ae6b96c35d229d42279a10c7989,yes
modpn/src.32.2011.02/AS.h,230,37,panwei,fca6f819393a03ba86705bf681b74589bef67b1b,yes
modpn/src.32.2011.02/CONSTANTS.c,230,37,panwei,ee707e81bd4d2f86fc5d69d9dd47b8ab1c3caf3a,yes
modpn/src.32.2011.02/CONSTANTS.h,230,37,panwei,d64aea0ea574a31beb1d28b1b07203bbe4f3acf1,yes
modpn/src.32.2011.02/FDIV.c,230,37,panwei,cb07459e539336dc92c992a361e9254c5ad73cff,no
modpn/src.32.2011.02/FDIV.h,230,37,panwei,da2e505491ac1e7eb4497eea2d59f3aeb4fc7329,yes
modpn/src.32.2011.02/FINTERP.c,230,37,panwei,43063b083cb67b458d55e2a2a3c3183204e781ee,no
modpn/src.32.2011.02/FINTERP.h,230,37,panwei,576ab53ba3f520de5a3c006c9ba16e03baae6c83,yes
modpn/src.32.2011.02/FMUL.c,230,37,panwei,6eda59d1d42091063516229b803049a08df05b90,yes
modpn/src.32.2011.02/FMUL.h,230,56,panwei,96e5e14786520956e115f7d71f62238036e6b7b5,yes
modpn/src.32.2011.02/Factorization.c,230,37,panwei,7f334bc7d3944c9ec4451bee4a835feea6359b85,yes
modpn/src.32.2011.02/Factorization.h,230,37,panwei,ae285b3a0b4eff101b71ed4d007818fc5eb1b95a,yes
modpn/src.32.2011.02/GCD.c,230,37,panwei,48a309210099c477d487787d75edfac171a7ba39,no
modpn/src.32.2011.02/GCD.h,230,37,panwei,adc8c6863dde9aac929008bfd6e2b37e212184e9,yes
modpn/src.32.2011.02/HGCD.c,230,56,panwei,088182384a7b7a0e1c155c9bf0fa59f66b8785f5,yes
modpn/src.32.2011.02/HGCD.h,230,37,panwei,9da57ca8b4e9cfd904549b5af4eea2a526cdbff5,yes
modpn/src.32.2011.02/HashTable.c,230,37,panwei,c41da5a1910844e9f1e8853553284148cc577dea,yes
modpn/src.32.2011.02/HashTable.h,230,37,panwei,895338e02f2a9442cdf015f442b8a72f4ef878a1,yes
modpn/src.32.2011.02/IsInvertible.c,230,37,panwei,5a0a2a1af46f3d59f6d660e3457fad093a69967a,yes
modpn/src.32.2011.02/IsInvertible.h,230,37,panwei,da365652786040d693e2e9ce522605b3614c8175,no
modpn/src.32.2011.02/IteratedResultant.c,230,37,panwei,cf0ea146a421ae3278f70bc128f3d502f5c8a010,yes
modpn/src.32.2011.02/IteratedResultant.h,230,56,panwei,3279a2e0a08703fc0561089b53a1258ddf54ef6e,yes
modpn/src.32.2011.02/LinkedList.c,230,37,panwei,f24a98840379867b3bfe9c8c292373782afd5d23,yes
modpn/src.32.2011.02/LinkedList.h,230,37,panwei,4845f9612da131174ea24511fbc48c797a0ea6a8,yes
modpn/src.32.2011.02/MPMMTS.c,230,37,panwei,d948185b35c590b0ac05ab5d903ff0cc77d651b1,no
modpn/src.32.2011.02/MPMMTS.h,230,37,panwei,428433381a193cf38311d749cf34e960ce793da6,no
modpn/src.32.2011.02/Makefile,230,85,shaque4,c67ebaf3952b492c0507e93f2f3482a6b606834f,yes
modpn/src.32.2011.02/MapleCConverter.c,230,37,panwei,76933a33e53cecb4b64fe4e002cfd1cb2d0e6da2,yes
modpn/src.32.2011.02/MapleCConverter.h,230,37,panwei,186ce5600ee0cfb560c4b2dd3545a8ec8e6a28ae,yes
modpn/src.32.2011.02/MultiDFFT.c,230,37,panwei,3ec24d8a1cf11e4b1ae5b0f6144ef12e6e29c066,yes
modpn/src.32.2011.02/MultiDFFT.h,230,37,panwei,aafbfa8c2ba62bba5de23dd8139f81fb345c1587,yes
modpn/src.32.2011.02/Readme,230,37,panwei,411803569ca6d6665cc58eacf3430ce8587614dc,yes
modpn/src.32.2011.02/RegularGcd.c,230,37,panwei,273237fd55a77858eae46ba4e1dc01f7dd144457,yes
modpn/src.32.2011.02/RegularGcd.c.bak,230,37,panwei,3a474f457e61488a1bdb13feb20f29240b3d45fa,yes
modpn/src.32.2011.02/RegularGcd.h,230,37,panwei,e79e1dfa8ca9ea3b372e30c541be3ea817b38be1,yes
modpn/src.32.2011.02/RegularGcdImp.c,230,37,panwei,882721006832ab39471dabd011a818efa5c4cc72,no
modpn/src.32.2011.02/SubResultantSeq.c,230,37,panwei,0b8c116f794051a4c0b9c2d160210d4650498412,yes
modpn/src.32.2011.02/SubResultantSeq.h,230,37,panwei,6c4228f93ec699b3faa8fdb7b4405522c25880da,yes
modpn/src.32.2011.02/TEST.c,230,37,panwei,52a7eb7de93c62472b3de03ffe7cfbcf39e8cbc4,no
modpn/src.32.2011.02/Types.h,230,85,shaque4,4091232443ca8e979a797fda49236b6edd3f34fc,yes
modpn/src.32.2011.02/UniHensel.c,230,37,panwei,c8ecba433c04194e304b61f9e5f97620b0cae3be,yes
modpn/src.32.2011.02/UniHensel.h,230,37,panwei,a8b9a1369ae6882ef9c9dda1eec65b7da42b05b4,yes
modpn/src.32.2011.02/cexcept.h,230,37,panwei,ee776eb192cfa14f62f5d732cebb47e5b23e5e87,no
modpn/src.32.2011.02/generalFuncs.c,230,37,panwei,cba1e5c68a65070a42fe2953b35ba324c9d6a246,yes
modpn/src.32.2011.02/generalFuncs.h,230,37,panwei,d18ea59333e20e3da7d2d0a50bdff4685f8aa3b9,yes
modpn/src.32.2011.02/inlineFuncs.h,230,37,panwei,5c59918d4f0985575da75b6cb2f0e1f3c747fc96,no
modpn/src.32.2011.02/matrix.c,230,37,panwei,df83fb8ff123ecfd0b2b5e13a295fb101a165d7e,yes
modpn/src.32.2011.02/matrix.h,230,37,panwei,87e2127ea1aeb95bdbae6897dab73e4b6948a2f8,yes
modpn/src.32.2011.02/object.h,230,37,panwei,3012d542a7d9f36a51f267f423954917c86c03c5,no
modpn/src.32.2011.02/solve2.c,230,37,panwei,898b9c5a25db43ba8dd7d22818745014cea07702,no
modpn/src.32.2011.02/solve2.h,230,37,panwei,e7885fc8e88b6b6160d847857a57f4ae841b24a9,yes
modpn/src.32.2011.03/AS.h,230,70,panwei,fca6f819393a03ba86705bf681b74589bef67b1b,yes
modpn/src.32.2011.03/CONSTANTS.c,230,70,panwei,ee707e81bd4d2f86fc5d69d9dd47b8ab1c3caf3a,yes
modpn/src.32.2011.03/CONSTANTS.h,230,70,panwei,d64aea0ea574a31beb1d28b1b07203bbe4f3acf1,yes
modpn/src.32.2011.03/FDIV.c,230,70,panwei,cb07459e539336dc92c992a361e9254c5ad73cff,yes
modpn/src.32.2011.03/FDIV.h,230,70,panwei,da2e505491ac1e7eb4497eea2d59f3aeb4fc7329,yes
modpn/src.32.2011.03/FINTERP.c,230,70,panwei,43063b083cb67b458d55e2a2a3c3183204e781ee,no
modpn/src.32.2011.03/FINTERP.h,230,70,panwei,576ab53ba3f520de5a3c006c9ba16e03baae6c83,yes
modpn/src.32.2011.03/FMUL.c,230,70,panwei,6eda59d1d42091063516229b803049a08df05b90,no
modpn/src.32.2011.03/FMUL.h,230,71,panwei,96e5e14786520956e115f7d71f62238036e6b7b5,yes
modpn/src.32.2011.03/Factorization.c,230,70,panwei,7f334bc7d3944c9ec4451bee4a835feea6359b85,yes
modpn/src.32.2011.03/Factorization.h,230,70,panwei,ae285b3a0b4eff101b71ed4d007818fc5eb1b95a,yes
modpn/src.32.2011.03/GCD.c,230,70,panwei,48a309210099c477d487787d75edfac171a7ba39,yes
modpn/src.32.2011.03/GCD.h,230,70,panwei,adc8c6863dde9aac929008bfd6e2b37e212184e9,yes
modpn/src.32.2011.03/HGCD.c,230,70,panwei,7beec65f1783ec2de008343aa3edf57e51e0e2fe,yes
modpn/src.32.2011.03/HGCD.h,230,70,panwei,9da57ca8b4e9cfd904549b5af4eea2a526cdbff5,no
modpn/src.32.2011.03/HashTable.c,230,70,panwei,c41da5a1910844e9f1e8853553284148cc577dea,yes
modpn/src.32.2011.03/HashTable.h,230,70,panwei,895338e02f2a9442cdf015f442b8a72f4ef878a1,no
modpn/src.32.2011.03/IsInvertible.c,230,70,panwei,5a0a2a1af46f3d59f6d660e3457fad093a69967a,no
modpn/src.32.2011.03/IsInvertible.h,230,70,panwei,da365652786040d693e2e9ce522605b3614c8175,yes
modpn/src.32.2011.03/IteratedResultant.c,230,70,panwei,cf0ea146a421ae3278f70bc128f3d502f5c8a010,yes
modpn/src.32.2011.03/IteratedResultant.h,230,71,panwei,3279a2e0a08703fc0561089b53a1258ddf54ef6e,yes
modpn/src.32.2011.03/LinkedList.c,230,70,panwei,f24a98840379867b3bfe9c8c292373782afd5d23,yes
modpn/src.32.2011.03/LinkedList.h,230,70,panwei,4845f9612da131174ea24511fbc48c797a0ea6a8,yes
modpn/src.32.2011.03/MPMMTS.c,230,70,panwei,d948185b35c590b0ac05ab5d903ff0cc77d651b1,no
modpn/src.32.2011.03/MPMMTS.h,230,70,panwei,428433381a193cf38311d749cf34e960ce793da6,no
modpn/src.32.2011.03/Makefile,230,70,panwei,b0e2dd0feb557671f600514fcf921af40b79a73b,yes
modpn/src.32.2011.03/MapleCConverter.c,230,70,panwei,f9f201fad23706308bc6b1a6aa33a68808a05000,yes
modpn/src.32.2011.03/MapleCConverter.h,230,70,panwei,186ce5600ee0cfb560c4b2dd3545a8ec8e6a28ae,yes
modpn/src.32.2011.03/MultiDFFT.c,230,70,panwei,3ec24d8a1cf11e4b1ae5b0f6144ef12e6e29c066,yes
modpn/src.32.2011.03/MultiDFFT.h,230,70,panwei,aafbfa8c2ba62bba5de23dd8139f81fb345c1587,yes
modpn/src.32.2011.03/README,230,73,moreno,dee0825e8ffa424a55362cd088f70cbf5733a767,yes
modpn/src.32.2011.03/Readme,230,70,panwei,411803569ca6d6665cc58eacf3430ce8587614dc,no
modpn/src.32.2011.03/RegularGcd.c,230,70,panwei,273237fd55a77858eae46ba4e1dc01f7dd144457,yes
modpn/src.32.2011.03/RegularGcd.c.bak,230,70,panwei,3a474f457e61488a1bdb13feb20f29240b3d45fa,yes
modpn/src.32.2011.03/RegularGcd.h,230,70,panwei,e79e1dfa8ca9ea3b372e30c541be3ea817b38be1,yes
modpn/src.32.2011.03/RegularGcdImp.c,230,70,panwei,882721006832ab39471dabd011a818efa5c4cc72,no
modpn/src.32.2011.03/SubResultantSeq.c,230,70,panwei,0b8c116f794051a4c0b9c2d160210d4650498412,yes
modpn/src.32.2011.03/SubResultantSeq.h,230,70,panwei,6c4228f93ec699b3faa8fdb7b4405522c25880da,yes
modpn/src.32.2011.03/TEST.c,230,70,panwei,490de840913f0a2116854625a0f9584180ae1363,no
modpn/src.32.2011.03/Types.h,230,70,panwei,0ae1c68472834119d80d3cf2800a6b45c8c0a69d,yes
modpn/src.32.2011.03/UniHensel.c,230,70,panwei,c8ecba433c04194e304b61f9e5f97620b0cae3be,yes
modpn/src.32.2011.03/UniHensel.h,230,70,panwei,a8b9a1369ae6882ef9c9dda1eec65b7da42b05b4,yes
modpn/src.32.2011.03/cexcept.h,230,70,panwei,ee776eb192cfa14f62f5d732cebb47e5b23e5e87,yes
modpn/src.32.2011.03/generalFuncs.c,230,70,panwei,cba1e5c68a65070a42fe2953b35ba324c9d6a246,no
modpn/src.32.2011.03/generalFuncs.h,230,70,panwei,d18ea59333e20e3da7d2d0a50bdff4685f8aa3b9,no
modpn/src.32.2011.03/inlineFuncs.h,230,70,panwei,5c59918d4f0985575da75b6cb2f0e1f3c747fc96,no
modpn/src.32.2011.03/matrix.c,230,70,panwei,df83fb8ff123ecfd0b2b5e13a295fb101a165d7e,no
modpn/src.32.2011.03/matrix.h,230,70,panwei,87e2127ea1aeb95bdbae6897dab73e4b6948a2f8,yes
modpn/src.32.2011.03/object.h,230,70,panwei,3012d542a7d9f36a51f267f423954917c86c03c5,yes
modpn/src.32.2011.03/solve2.c,230,70,panwei,41dcaa121a547782f10307d30c3344baef0fd922,yes
modpn/src.32.2011.03/solve2.h,230,70,panwei,e7885fc8e88b6b6160d847857a57f4ae841b24a9,no
modpn/src.32/AS.h,230,2,panwei,fca6f819393a03ba86705bf681b74589bef67b1b,yes
modpn/src.32/CONSTANTS.c,230,25,panwei,00bff6326622c82e52d628d98d1b74ed41013924,yes
modpn/src.32/CONSTANTS.h,230,2,panwei,d64aea0ea574a31beb1d28b1b07203bbe4f3acf1,yes
modpn/src.32/FDIV.c,230,2,panwei,4fa8eeedd796e1ed595936bf33101eb8eccab2b6,yes
modpn/src.32/FDIV.h,230,2,panwei,da2e505491ac1e7eb4497eea2d59f3aeb4fc7329,no
modpn/src.32/FINTERP.c,230,5,panwei,27cb579a17f39af9c3b6c16269c156c5216e23bd,no
modpn/src.32/FINTERP.h,230,5,panwei,576ab53ba3f520de5a3c006c9ba16e03baae6c83,yes
modpn/src.32/FMUL.c,230,24,panwei,9a937c1a5846fe4c26cebb437222a94c183b885d,yes
modpn/src.32/FMUL.h,230,23,panwei,793687d233f7fe5fd9a13c38326735217ebb777a,yes
modpn/src.32/Factorization.c,230,2,panwei,47250a67f7c7e6a44b7a8a3cd1549531a5facf6f,yes
modpn/src.32/Factorization.h,230,2,panwei,fe78ede1f40eedb97dce8820d0da1a649dff5d54,no
modpn/src.32/GCD.c,230,2,panwei,d99a371a984f0d81e4510e04e3f72b4659c44feb,yes
modpn/src.32/GCD.h,230,2,panwei,adc8c6863dde9aac929008bfd6e2b37e212184e9,no
modpn/src.32/HGCD.c,230,2,panwei,7521f6a53ec4a7c9b03546fa0bacba476864e4d7,yes
modpn/src.32/HGCD.h,230,2,panwei,3fc5f92f2c6349ef438bb7b92a8409de3a6509d6,no
modpn/src.32/HashTable.c,230,2,panwei,c41da5a1910844e9f1e8853553284148cc577dea,no
modpn/src.32/HashTable.h,230,2,panwei,895338e02f2a9442cdf015f442b8a72f4ef878a1,no
modpn/src.32/IsInvertible.c,230,24,panwei,999d79a662e1e3a2d65c1f377d3da484127e1f31,yes
modpn/src.32/IsInvertible.h,230,5,panwei,da365652786040d693e2e9ce522605b3614c8175,no
modpn/src.32/IteratedResultant.c,230,24,panwei,285904953df33cc0a314a0f6714c901b2e712296,yes
modpn/src.32/IteratedResultant.h,230,23,panwei,ef1870398cffb979a2b64c6f9277ad44de83a6f6,yes
modpn/src.32/LinkedList.c,230,24,panwei,2aaa9f2b737fc2d9f787a447f5ee70046713e510,yes
modpn/src.32/LinkedList.h,230,23,panwei,4845f9612da131174ea24511fbc48c797a0ea6a8,yes
modpn/src.32/MPMMTS.c,230,24,panwei,a338928c7583d6104599918133d3b8d3491fff06,no
modpn/src.32/MPMMTS.h,230,2,panwei,428433381a193cf38311d749cf34e960ce793da6,yes
modpn/src.32/Makefile,230,2,panwei,6580a6823d887e8363c89dc6518df595b80b0542,yes
modpn/src.32/MapleCConverter.c,230,24,panwei,d04425993513f957c63393196d59da3fdb15819a,yes
modpn/src.32/MapleCConverter.h,230,23,panwei,cb3f3a41569ad6bd06e8c9bb61c86b7b37a36989,yes
modpn/src.32/MultiDFFT.c,230,2,panwei,3ec24d8a1cf11e4b1ae5b0f6144ef12e6e29c066,no
modpn/src.32/MultiDFFT.h,230,2,panwei,aafbfa8c2ba62bba5de23dd8139f81fb345c1587,yes
modpn/src.32/Readme,230,2,panwei,f214e888030a7b25250231a3993837419f81196a,yes
modpn/src.32/RegularGcd.c,230,24,panwei,f33dcac15b963423833524c13cba1828860e1bdc,yes
modpn/src.32/RegularGcd.h,230,23,panwei,0941e6c101e9fbc01c971c11d01f33a927e7da46,yes
modpn/src.32/SubResultantSeq.c,230,2,panwei,84ff55ae19225be4452fb17ad5418f056471dafb,yes
modpn/src.32/SubResultantSeq.h,230,2,panwei,6c4228f93ec699b3faa8fdb7b4405522c25880da,yes
modpn/src.32/TEST.c,230,24,panwei,162beabaf6cab21c312a7abb5b57f74a8f3209dd,yes
modpn/src.32/Types.h,230,30,panwei,cf10c05871ef2986c33b455c58058c3a59283ede,yes
modpn/src.32/UniHensel.c,230,2,panwei,ef6963030a7de4c55c98b85f9664ef01f3b32f5c,yes
modpn/src.32/UniHensel.h,230,2,panwei,a8b9a1369ae6882ef9c9dda1eec65b7da42b05b4,yes
modpn/src.32/cexcept.h,230,2,panwei,ee776eb192cfa14f62f5d732cebb47e5b23e5e87,no
modpn/src.32/cumodp/include/ct_fft.h,230,11,panwei,048e73ad45317b1f56f05a73ddd6139797a6706c,no
modpn/src.32/cumodp/include/ct_fft_mont.h,230,11,panwei,020a108cc291343fe5952d07612c4279a8612634,no
modpn/src.32/cumodp/include/cudautils.h,230,11,panwei,201613c2ad0098f26aa37b53df2a7f2a61f394b2,no
modpn/src.32/cumodp/include/cumodp.h,230,26,panwei,ed1c87c7458f5b526331afcb6c541c9a5ea2f926,no
modpn/src.32/cumodp/include/defines.h,230,26,panwei,0c77279006562f83cac9179c1b296f25dfb32d05,no
modpn/src.32/cumodp/include/fft_aux.h,230,26,panwei,db65e04375ff60bc71d3aad2db31bad3237407be,no
modpn/src.32/cumodp/include/inlines.h,230,26,panwei,dda9a2279edef252a47e37e7851342d076a57b16,no
modpn/src.32/cumodp/include/list_stockham.h,230,26,panwei,1a9f0c41c29e5619786ab618d76a831b249383c6,no
modpn/src.32/cumodp/include/montmulmod.h,230,11,panwei,65237de3d6ed634501469db89678afdea6ff3e3a,no
modpn/src.32/cumodp/include/printing.h,230,11,panwei,6a9afb843e544360604b92c345425df7735f7a5d,no
modpn/src.32/cumodp/include/rdr_poly.h,230,26,panwei,31d5041339bc45489e4942798e641409251b8f45,no
modpn/src.32/cumodp/include/scube.h,230,26,panwei,0f2c171c116f0a94f7f21d27e7b3ea00f75eeecf,no
modpn/src.32/cumodp/include/stockham.h,230,26,panwei,7f0a0444ec1aa0bba28935f0f440cd12d8e24e01,no
modpn/src.32/cumodp/include/stockham_mont.h,230,11,panwei,8c18730c2e64104f00c937a6521e65a5151592a2,no
modpn/src.32/cumodp/include/subres.h,230,26,panwei,796218f8fbf434902ce535f3f8eb5b8d25a8f2a1,no
modpn/src.32/cumodp/include/types.h,230,36,panwei,1360b218f9c6130260bfe15e5cc37af40e293364,no
modpn/src.32/cumodp/include/unipoly.h,230,11,panwei,8b2ab8b6a1652375bf9165062f4bbc1f05ac7a81,no
modpn/src.32/cumodp/src/Makefile,230,29,panwei,9e1b85150bfb0e92caf9f8e5228fbad216a4b80b,no
modpn/src.32/cumodp/src/benchmark.cu,230,28,panwei,e0ef8c0aa2025a175edbfb31ee6ab2ce47b4e912,no
modpn/src.32/cumodp/src/ct_fft_has_jump.cu,230,11,panwei,9a28ab607d46aad96f4b7aaa9069fb73b337afb0,no
modpn/src.32/cumodp/src/ct_fft_mont.cu,230,11,panwei,464420049cd879274e62f28226f029b8ee3f09ac,no
modpn/src.32/cumodp/src/fft_aux.cu,230,28,panwei,43b1ac6f5d641c335131e1ecdbe824339927c19b,no
modpn/src.32/cumodp/src/list_stockham.cu,230,28,panwei,7448cef6902c980d05b85aef8ca61ccf2bc1a35a,no
modpn/src.32/cumodp/src/main.c,230,29,panwei,80fe139d398e62a6ad8f0b12919f6b984fe4d904,no
modpn/src.32/cumodp/src/modpn.cu,230,28,panwei,05cc7f347b40e9be981ec919c3811f1ed93e2351,no
modpn/src.32/cumodp/src/rdr_poly.cu,230,11,panwei,57c15678a4c6862049b9e576537d84f537d1bd10,no
modpn/src.32/cumodp/src/scube.cu,230,28,panwei,2da5d672e7ad636f9e3b7d3e07d149238db3250c,no
modpn/src.32/cumodp/src/stockham.cu,230,28,panwei,8c96ced99816d7947e4c994244684f86e4957431,no
modpn/src.32/cumodp/src/stockham_mont.cu,230,11,panwei,72a79902557fdcf97c956ffad1fe805ffcdb1f68,no
modpn/src.32/cumodp/src/subres.cu,230,28,panwei,6c8c11952dc97598aeb0ee67f10fe6951b042b05,no
modpn/src.32/cumodp/src/subres_p.cu,230,28,panwei,97b4325282de12c95655affa76c3e55bfec39bd3,no
modpn/src.32/cumodp/tst/fast_polymul_cumodp.tst,230,11,panwei,380096473c35a9e54a51ecc3b9f5e1d3e9c15ad8,no
modpn/src.32/cumodp/tst/fast_resultant2_cumodp.mpl,230,27,panwei,8c8f6591332821d2792260bf83e4cb3544292de9,no
modpn/src.32/cumodp/tst/fast_resultant2_cumodp.tst,230,27,panwei,382b1108bbf168567e5569410fe3b4dcd3d5bcd0,no
modpn/src.32/cumodp/tst/fast_resultant3_cumodp.mpl,230,27,panwei,2cdf9a8c0a30900e650ca5f8669f4d0f1bf896d8,no
modpn/src.32/cumodp/tst/fast_resultant3_cumodp.tst,230,27,panwei,0219a06bacbb6ba93886bb2597afa80d9fb2d55d,no
modpn/src.32/cumodp/tst/fast_resultant_cumodp.tst,230,11,panwei,9e3053440baf1cb3885a24de4d0243144e6696c6,no
modpn/src.32/generalFuncs.c,230,2,panwei,68584a9daa007b7c734faa033e700dc4838e3e6d,yes
modpn/src.32/generalFuncs.h,230,2,panwei,d18ea59333e20e3da7d2d0a50bdff4685f8aa3b9,yes
modpn/src.32/inlineFuncs.h,230,2,panwei,1b1e8ece7146445f3a189f6ddc05755c60665be4,no
modpn/src.32/matrix.c,230,2,panwei,df83fb8ff123ecfd0b2b5e13a295fb101a165d7e,yes
modpn/src.32/matrix.h,230,2,panwei,87e2127ea1aeb95bdbae6897dab73e4b6948a2f8,no
modpn/src.32/object.h,230,2,panwei,3012d542a7d9f36a51f267f423954917c86c03c5,yes
mpl/ConnectorModule.mm,230,45,panwei,1c8f7536cce50dc7324c35aa45b4bbe97074e57c,yes
mpl/ConnectorModuleNew1.mm,230,45,panwei,a707823578572d674730dc84fd988e2abfb2b7a4,yes
mpl/FastTriade.mm,230,42,panwei,acc17a8954f999a9ca18432bb2868586f6158926,yes
mpl/MapleDagModule.mm,230,35,panwei,b1e2d7ae0ebd444cea88c30dd086698ddf85fb21,yes
mpl/RecdenConnector.mm,230,45,panwei,5d0cefe3ea2c7b90b9e8a53edf25b9055f66e3d3,yes
mpl/modpn.mpl,230,66,panwei,6260ad6f60542a16b7432f9c2cd4ae9aa0473d92,yes
slides/CUDA_model.tex,230,144,moreno,7058656f8a2cce94eca01bfec9251ef8da336a81,yes
slides/JiaJian_project.tex,230,152,moreno,51ec2066edb75ba4632e9b539591e3af1779baef,yes
slides/Makefile,230,144,moreno,6f9a4049f7ebea51ad0ddee6d67e18618e5d1aed,yes
slides/fast_poly_arith.tex,230,152,moreno,8fd7047a4d03acd54a54a2f54b56d1348ec05c0b,yes
slides/images/1.png,230,144,moreno,1609a6d3b3b0c9ed76738d083f8fa38f7f04d4b8,yes
slides/images/11.png,230,144,moreno,23a993da4148c66550112ceb959c4cb49d2e6530,yes
slides/images/13.png,230,144,moreno,9d200b9e42a609931345b791a8593a62ddb1e41c,yes
slides/images/14.png,230,144,moreno,6c0a02cb15ab8192554933609a8824f64090dfd9,yes
slides/images/15.png,230,144,moreno,13daaf4915a0cd3d5fffaf79c9680285c9cd20e5,yes
slides/images/39.png,230,144,moreno,6f4ea8c68ec92f45fd9988c268e8a43f97cf11d3,yes
slides/images/41.png,230,144,moreno,8735f3865f036e22075f614346106b513eef9ba9,yes
slides/images/7.png,230,144,moreno,3e39db054e93a41d595a633ca8e8a8113257d56c,yes
slides/images/8.png,230,144,moreno,1f4fb4b988272d79ade90e972d135f027580118a,yes
slides/images/S-6.png,230,144,moreno,131a84e0d5df0dfd05cfb5d5edc36eb6e692b810,yes
slides/images/Z-17.png,230,144,moreno,9cc924f0f3c5d4acdb3122b94f82e90764041d49,yes
slides/images/fast_evaluation_step.eps,230,163,jyang425,f9c5d3f22480399b86d7ffb1f8e5150ffd8ef9ec,yes
slides/images/fast_evaluation_step.pdf,230,163,jyang425,8a00869b68d8f41d95f37880e16aa5f893ff7473,yes
slides/images/sptree2.pdf,230,144,moreno,72ae4e686da4d411a80f50d97fc9dfa7684affbd,yes
slides/images/sub_product_tree_step.eps,230,163,jyang425,ba1effb710e87c9af2e30768d1c239ef15095dd1,yes
slides/images/sub_product_tree_step.pdf,230,163,jyang425,9e431dca6ac401f820e6b34fea8b119681c36448,yes
slides/implementation.tex,230,153,moreno,8ab45b381cc9a98614d0c7cdd5f36f23ca067211,yes
slides/macros.tex,230,152,moreno,9e87245a22bbff1d66ed69547e03d1ee6dfe98ce,yes
slides/subproduct_tree.tex,230,152,moreno,5cb8d9ff5b6e8cdec3f7f18056710f88c4b65d0f,yes
slides/tables.tex,230,152,moreno,f9cb0cbda7dd4173313a7b535c0979405f235935,yes
submit/files_to_submit_2010,230,50,panwei,b9a5196fbd671e47223cc05f3998d449afa88958,yes
submit/files_to_submit_2011_02,230,64,panwei,8f862ae168b04803fb5843f1e8692c8f43f0067d,yes
submit/files_to_submit_2011_03,230,72,panwei,3877e41baef680cd47d8b0aa8bfea4cd588245b1,yes
